<?xml version="1.0" encoding="utf-8"?>
<ApplicationInstallerManifest>
   <DefaultInstallationDirectory>/Applications/thisisatest/</DefaultInstallationDirectory>
   <ApplicationName>thisisatest</ApplicationName>
   <ExecutableName>application/ </ExecutableName>
   <GUID>8d30909a-0e41-4c2c-97c7-8a568c4bfa82</GUID>
   <ApplicationIcon>default_icon_48.png</ApplicationIcon>
   <Logo>default_logo.png</Logo>
   <Version>1.0</Version>
   <InstallationNotes>In the following directions, replace MR/v910 by the directory on the target machine where MATLAB is installed, or MR by the directory where the MATLAB Runtime is installed.

If the environment variable DYLD_LIBRARY_PATH is undefined, set it to the following string:

MR/v910/runtime/maci64:MR/v910/sys/os/maci64:MR/v910/bin/maci64

If it is defined, set it to the following:

${DYLD_LIBRARY_PATH}:MR/v910/runtime/maci64:MR/v910/sys/os/maci64:MR/v910/bin/maci64

You must have Python 2.7, 3.7, and/or 3.8 on your machine to install this package. Go to the directory containing your package and the file setup.py and execute:

        python setup.py install [options]

For details, see GettingStarted.html, distributed with this package, or the official Python documentation at:

        https://docs.python.org/2/install/index.html
</InstallationNotes>
   <WelcomePanelText>thisisatest 1.0
AN</WelcomePanelText>
   <MCRProducts>
      <MCRProduct>
         <ExternalProductIdentifier>35000</ExternalProductIdentifier>
      </MCRProduct>
      <MCRProduct>
         <ExternalProductIdentifier>35010</ExternalProductIdentifier>
      </MCRProduct>
      <MCRProduct>
         <ExternalProductIdentifier>35055</ExternalProductIdentifier>
      </MCRProduct>
   </MCRProducts>
</ApplicationInstallerManifest>